{
  "project_info": {
    "project_number": "192490966146",
    "project_id": "vehiclerentalapp-eb14c",
    "storage_bucket": "vehiclerentalapp-eb14c.firebasestorage.app"
  },
  "client": [
    {
      "client_info": {
        "mobilesdk_app_id": "1:192490966146:android:76d9bc7a7f6d50d41e789b",
        "android_client_info": {
          "package_name": "com.example.vehiclerentalapp"
        }
      },
      "oauth_client": [],
      "api_key": [
        {
          "current_key": "AIzaSyA9fSZdfxmco_btJw1AVzGGtMvyFwCWkgw"
        }
      ],
      "services": {
        "appinvite_service": {
          "other_platform_oauth_client": []
        }
      }
    }
  ],
  "configuration_version": "1"
}
